{"cameraMode":{"drawMode":0,"name":"Shaded","section":"Shading Mode"},"sceneLighting":true,"audioPlay":false,"sceneViewState":{"m_AlwaysRefresh":false,"showFog":true,"showSkybox":true,"showFlares":true,"showImageEffects":true,"showParticleSystems":true,"showVisualEffectGraphs":true,"m_FxEnabled":true},"in2DMode":false,"pivot":{"x":16.205825805664064,"y":-2.6107616424560549,"z":-3.579566478729248},"rotation":{"x":0.09460041671991348,"y":0.7334640026092529,"z":-0.10434176027774811,"w":0.6650112271308899},"size":13.656000137329102,"orthographic":false}